"Message",Low,"Starting .NET Native compilation"
"Message",Low,""
"Message",Low,""
"Message",Low,"Task ""Gatekeeper"""
"Message",Normal,"Launching 'C:\Program Files (x86)\Microsoft SDKs\UWPNuGetPackages\microsoft.net.native.compiler\1.7.3\tools\x86\ilc\Tools\Gatekeeper.exe @""C:\Users\ofunes\Desktop\GitHub\UWPolyFlama\Monopoly - Cliente - Pero bien\PantallasMonopoly\obj\x86\Release\ilc\intermediate\gkargs.rsp""'"
"Message",Low,"Microsoft (R) .NET Native Gatekeeper Version 1.7.25927.00 "
"Message",Low,"Copyright (C) Microsoft Corporation.  All rights reserved. "
"Message",Low," "
"Message",Low,"Checking assembly 'C:\Users\ofunes\Desktop\GitHub\UWPolyFlama\Monopoly - Cliente - Pero bien\PantallasMonopoly\obj\x86\Release\ilc\in\Microsoft.AspNet.SignalR.Client.dll'. "
"Message",Low,"Checking assembly 'C:\Users\ofunes\Desktop\GitHub\UWPolyFlama\Monopoly - Cliente - Pero bien\PantallasMonopoly\obj\x86\Release\ilc\in\Microsoft.Graphics.Canvas.winmd'. "
"Message",Low,"Checking assembly 'C:\Users\ofunes\Desktop\GitHub\UWPolyFlama\Monopoly - Cliente - Pero bien\PantallasMonopoly\obj\x86\Release\ilc\in\Microsoft.Toolkit.dll'. "
"Message",Low,"Checking assembly 'C:\Users\ofunes\Desktop\GitHub\UWPolyFlama\Monopoly - Cliente - Pero bien\PantallasMonopoly\obj\x86\Release\ilc\in\Microsoft.Toolkit.Uwp.dll'. "
"Message",Low,"Checking assembly 'C:\Users\ofunes\Desktop\GitHub\UWPolyFlama\Monopoly - Cliente - Pero bien\PantallasMonopoly\obj\x86\Release\ilc\in\Microsoft.Toolkit.Uwp.UI.Animations.dll'. "
"Message",Low,"Checking assembly 'C:\Users\ofunes\Desktop\GitHub\UWPolyFlama\Monopoly - Cliente - Pero bien\PantallasMonopoly\obj\x86\Release\ilc\in\Microsoft.Toolkit.Uwp.UI.Controls.dll'. "
"Message",Low,"Checking assembly 'C:\Users\ofunes\Desktop\GitHub\UWPolyFlama\Monopoly - Cliente - Pero bien\PantallasMonopoly\obj\x86\Release\ilc\in\Microsoft.Toolkit.Uwp.UI.dll'. "
"Message",Low,"Checking assembly 'C:\Users\ofunes\Desktop\GitHub\UWPolyFlama\Monopoly - Cliente - Pero bien\PantallasMonopoly\obj\x86\Release\ilc\in\Microsoft.Xaml.Interactions.dll'. "
"Message",Low,"Checking assembly 'C:\Users\ofunes\Desktop\GitHub\UWPolyFlama\Monopoly - Cliente - Pero bien\PantallasMonopoly\obj\x86\Release\ilc\in\Microsoft.Xaml.Interactivity.dll'. "
"Message",Low,"Checking assembly 'C:\Users\ofunes\Desktop\GitHub\UWPolyFlama\Monopoly - Cliente - Pero bien\PantallasMonopoly\obj\x86\Release\ilc\in\Newtonsoft.Json.dll'. "
"Message",Low,"Checking assembly 'C:\Users\ofunes\Desktop\GitHub\UWPolyFlama\Monopoly - Cliente - Pero bien\PantallasMonopoly\obj\x86\Release\ilc\in\PantallasMonopoly.exe'. "
"Message",Low,"Checking assembly 'C:\Users\ofunes\Desktop\GitHub\UWPolyFlama\Monopoly - Cliente - Pero bien\PantallasMonopoly\obj\x86\Release\ilc\in\Robmikh.CompositionSurfaceFactory.winmd'. "
"Message",Normal,"'C:\Program Files (x86)\Microsoft SDKs\UWPNuGetPackages\microsoft.net.native.compiler\1.7.3\tools\x86\ilc\Tools\Gatekeeper.exe @""C:\Users\ofunes\Desktop\GitHub\UWPolyFlama\Monopoly - Cliente - Pero bien\PantallasMonopoly\obj\x86\Release\ilc\intermediate\gkargs.rsp""' completed."
"Message",Normal,"Process execution statistics (all times in milliseconds)"
"Message",Normal,"-----------------------------------------------------------------------------"
"Message",Normal,"launch  |  start   |   stop   |   end    | duration | lifetime | [slot] name"
"Message",Normal,"-----------------------------------------------------------------------------"
"Message",Normal,"       0 |       15 |      812 |      812 |      797 |      812 | [0] Gatekeeper"
"Message",Normal,"Number of commands:      1"
"Message",Normal,"Total system time:       812 ms"
"Message",Normal,"System time per command: 812 ms"
"Message",Normal,"Total duration:          797 ms"
"Message",Normal,"Total lifetime:          812 ms"
"Message",Normal,"Requested DOP:           2"
"Message",Normal,"Duration DOP:            1,0"
"Message",Normal,"Lifetime DOP:            1,0"
"Message",Low,"Done executing task ""Gatekeeper""."
"Message",Low,"Done building target ""RunGatekeeper"" in file ""Preparation""."
"Message",Low,""
"Message",Low,"Task ""InjectWindowsRuntimeTypeForwards"""
"Message",Normal,"Running 'InjectWindowsRuntimeTypeForwards' transform, heap at 14 MB."
"Message",Normal,"Running 'WriteAssemblies' transform, heap at 18 MB."
"Message",Normal,""
"Message",Normal,"Transform summary"
"Message",Normal,"    ms | heap delta | name"
"Message",Normal,"   535 |          4 | InjectWindowsRuntimeTypeForwards"
"Message",Normal,"   340 |          2 | WriteAssemblies"
"Message",Low,"Done executing task ""InjectWindowsRuntimeTypeForwards""."
"Message",Low,"Done building target ""InjectWindowRuntimeTypeForwards"" in file ""Preparation""."
"Message",Low,""
"Message",Low,"Task ""PreResolveAssemblyClosure"""
"Message",Low,"Done executing task ""PreResolveAssemblyClosure""."
"Message",Low,"Task ""PreResolveTransforms"""
"Message",Normal,"Running 'ResolveSelfReferences' transform, heap at 21 MB."
"Message",Normal,"Running 'RemoveDuplicateMembers' transform, heap at 69 MB."
"Message",Normal,"Running 'PortableLib' transform, heap at 69 MB."
"Message",Normal,"Running 'WriteAssemblies' transform, heap at 72 MB."
"Message",Normal,""
"Message",Normal,"Transform summary"
"Message",Normal,"    ms | heap delta | name"
"Message",Normal,"   775 |         48 | ResolveSelfReferences"
"Message",Normal,"   293 |          3 | PortableLib"
"Message",Normal,"   192 |          6 | WriteAssemblies"
"Message",Normal,"     0 |          0 | RemoveDuplicateMembers"
"Message",Low,"Done executing task ""PreResolveTransforms""."
"Message",Low,"Done building target ""PreResolveTransforms"" in file ""Preparation""."
"Message",Low,""
"Message",Low,"Task ""InitialAssemblyClosure"""
"Message",Low,"Done executing task ""InitialAssemblyClosure""."
"Message",Low,"Task ""ResolveInitialReferencesAssemblyClosure1"""
"Message",Low,"Done executing task ""ResolveInitialReferencesAssemblyClosure1""."
"Message",Low,"Task ""ResolveInitialReferencesAssemblyClosure2"""
"Message",Low,"Done executing task ""ResolveInitialReferencesAssemblyClosure2""."
"Message",Low,"Done building target ""ResolveInitialReferences"" in file ""Preparation""."
"Message",Low,"Done building project ""Preparation""."
"Message",Low,""
"Message",Low,""
"Message",High,"Processing application code"
"Message",Low,"Task ""ValidateSimpleNames"""
"Message",Low,"Done executing task ""ValidateSimpleNames""."
"Message",Low,"Task ""McgContractsResolveFilePath"""
"Message",Low,"Done executing task ""McgContractsResolveFilePath""."
"Message",Low,"Task ""McgFacadeResolveFilePath"""
"Message",Low,"Done executing task ""McgFacadeResolveFilePath""."
"Message",Low,"Task ""FinalAssemblyClosureRootsResolveFilePaths"""
"Message",Low,"Done executing task ""FinalAssemblyClosureRootsResolveFilePaths""."
"Message",Low,"Task ""FinalAssemblyClosure"""
"Message",Low,"Done executing task ""FinalAssemblyClosure""."
"Message",Low,"Task ""RunILTransforms"""
"Message",Normal,"Running 'Analysis' transform, heap at 25 MB."
"Message",Low,"Loading 93 modules..."
"Message",Normal,"Imported reflection directives from 21 files:"
"Message",Normal,"C:\Users\ofunes\Desktop\GitHub\UWPolyFlama\Monopoly - Cliente - Pero bien\PantallasMonopoly\obj\x86\Release\ilc\in\Properties\Default.rd.xml"
"Message",Normal,"Embedded manifest in System.Diagnostics.Tracing: Resources.System.Diagnostics.Tracing.rd.xml"
"Message",Normal,"Embedded manifest in System.Private.Reflection: System.Private.Reflection.rd.xml"
"Message",Normal,"Embedded manifest in System.Private.CoreLib: Resources.System.Private.CoreLib.rd.xml"
"Message",Normal,"Embedded manifest in System.Private.Uri: Resources.System.Private.Uri.rd.xml"
"Message",Normal,"Embedded manifest in System.Private.Reflection.Core: System.Private.Reflection.Core.rd.xml"
"Message",Normal,"Embedded manifest in System.Dynamic.Runtime: Resources.System.Dynamic.Runtime.rd.xml"
"Message",Normal,"Embedded manifest in System.Xml.XDocument: System.Xml.Resources.System.Xml.XDocument.rd.xml"
"Message",Normal,"Embedded manifest in System.Runtime.Serialization.Primitives: System.Runtime.Serialization.Primitives.Resources.System.Runtime.Serialization.Primitives.rd.xml"
"Message",Normal,"Embedded manifest in System.Linq.Expressions: Resources.System.Linq.Expressions.rd.xml"
"Message",Normal,"Embedded manifest in System.Private.PortableThunks: Resources.System.Private.PortableThunks.rd.xml"
"Message",Normal,"Embedded manifest in Microsoft.CSharp: Microsoft.CSharp.Resources.Microsoft.CSharp.rd.xml"
"Message",Normal,"Embedded manifest in System.Xml.ReaderWriter: System.Xml.Resources.System.Xml.ReaderWriter.rd.xml"
"Message",Normal,"Embedded manifest in System.Private.Interop: Resources.System.Private.Interop.rd.xml"
"Message",Normal,"Embedded manifest in Microsoft.Toolkit.Uwp: Microsoft.Toolkit.Uwp.Properties.Microsoft.Windows.Toolkit.rd.xml"
"Message",Normal,"Embedded manifest in Microsoft.Toolkit.Uwp.UI.Animations: Microsoft.Toolkit.Uwp.UI.Animations.Properties.Microsoft.Windows.Toolkit.UI.Animations.rd.xml"
"Message",Normal,"Embedded manifest in Microsoft.Toolkit.Uwp.UI.Controls: Microsoft.Toolkit.Uwp.UI.Controls.Properties.Microsoft.Windows.Toolkit.UI.Controls.rd.xml"
"Message",Normal,"Embedded manifest in Microsoft.Toolkit.Uwp.UI: Microsoft.Toolkit.Uwp.UI.Properties.Microsoft.Windows.Toolkit.UI.rd.xml"
"Message",Normal,"Embedded manifest in Microsoft.Xaml.Interactions: Microsoft.Xaml.Interactions.Properties.Microsoft.Xaml.Interactions.rd.xml"
"Message",Normal,"Embedded manifest in Microsoft.Xaml.Interactivity: Microsoft.Xaml.Interactivity.Properties.Microsoft.Xaml.Interactivity.rd.xml"
"Message",Normal,"Newtonsoft.Json"
"Message",Normal,"Imported XAML Roots from 2 files:"
"Message",Normal,"C:\Users\ofunes\Desktop\GitHub\UWPolyFlama\Monopoly - Cliente - Pero bien\PantallasMonopoly\obj\x86\Release\ilc\in\PantallasMonopoly.xr.xml"
"Message",Normal,"C:\Users\ofunes\Desktop\GitHub\UWPolyFlama\Monopoly - Cliente - Pero bien\PantallasMonopoly\obj\x86\Release\ilc\in\Microsoft.Toolkit.Uwp.UI.Controls\Microsoft.Toolkit.Uwp.UI.Controls.xr.xml"
"Message",Normal,"Running 'Mcg' transform, heap at 228 MB."
"Message",High,"Computing application closure and generating interop code"
"Message",Normal,"  List of .lib files:"
"Message",Normal,"      WindowsApp.lib"
"Message",Normal,"      winsqlite3.lib"
"Message",Normal,"  List of .lib search paths:"
"Message",Normal,"      C:\Program Files (x86)\Windows Kits\10\lib\10.0.17134.0\um\x86"
"Message",Normal,"  Loading exports from libs..."
"Message",Normal,"      3181 exports read from 'C:\Program Files (x86)\Windows Kits\10\lib\10.0.17134.0\um\x86\WindowsApp.lib'."
"Message",Normal,"      243 exports read from 'C:\Program Files (x86)\Windows Kits\10\lib\10.0.17134.0\um\x86\winsqlite3.lib'."
"Message",High,"  Loading 93 modules..."
"Message",Normal,"          P/Invoke 'RhWaitForPendingFinalizers' with [DllImport(ExactSpelling=true)] resolved to '[MRT]!RhWaitForPendingFinalizers'."
"Message",Normal,"          P/Invoke 'RhYield' with [DllImport(ExactSpelling=true)] resolved to '[MRT]!RhYield'."
"Message",Normal,"          P/Invoke 'RhCompatibleReentrantWaitAny' with [DllImport(ExactSpelling=true)] resolved to '[MRT]!RhCompatibleReentrantWaitAny'."
"Message",Normal,"          P/Invoke '_ecvt_s' with [DllImport(ExactSpelling=true)] resolved to '[MRT]!_ecvt_s'."
"Message",Normal,"          P/Invoke 'memmove' with [DllImport(ExactSpelling=true)] resolved to '[MRT]!memmove'."
"Message",Normal,"          P/Invoke 'CallingConventionConverter_GetStubs' with [DllImport(ExactSpelling=true)] resolved to '*!CallingConventionConverter_GetStubs'."
"Message",Normal,"          P/Invoke 'GetLastError' resolved to 'api-ms-win-core-errorhandling-l1-1-0.dll!GetLastError' from 'C:\Program Files (x86)\Windows Kits\10\lib\10.0.17134.0\um\x86\WindowsApp.lib'."
"Message",Normal,"          P/Invoke 'RoInitialize' resolved to 'api-ms-win-core-winrt-l1-1-0.dll!RoInitialize' from 'C:\Program Files (x86)\Windows Kits\10\lib\10.0.17134.0\um\x86\WindowsApp.lib'."
"Message",Normal,"          P/Invoke 'IsValidLocaleName' resolved to 'api-ms-win-core-localization-l1-2-0.dll!IsValidLocaleName' from 'C:\Program Files (x86)\Windows Kits\10\lib\10.0.17134.0\um\x86\WindowsApp.lib'."
"Message",Normal,"          P/Invoke 'ResolveLocaleName' resolved to 'api-ms-win-core-localization-l1-2-0.dll!ResolveLocaleName' from 'C:\Program Files (x86)\Windows Kits\10\lib\10.0.17134.0\um\x86\WindowsApp.lib'."
"Message",Normal,"          P/Invoke 'GetCPInfoExW' resolved to 'api-ms-win-core-localization-l1-2-0.dll!GetCPInfoExW' from 'C:\Program Files (x86)\Windows Kits\10\lib\10.0.17134.0\um\x86\WindowsApp.lib'."
"Message",Normal,"          P/Invoke 'CertDuplicateCertificateContext' resolved to 'crypt32.dll!CertDuplicateCertificateContext' from 'C:\Program Files (x86)\Windows Kits\10\lib\10.0.17134.0\um\x86\WindowsApp.lib'."
"Message",Normal,"          P/Invoke 'CertGetCertificateContextProperty' resolved to 'crypt32.dll!CertGetCertificateContextProperty' from 'C:\Program Files (x86)\Windows Kits\10\lib\10.0.17134.0\um\x86\WindowsApp.lib'."
"Message",Normal,"          P/Invoke 'CertGetCertificateContextProperty' resolved to 'crypt32.dll!CertGetCertificateContextProperty' from 'C:\Program Files (x86)\Windows Kits\10\lib\10.0.17134.0\um\x86\WindowsApp.lib'."
"Message",Normal,"          P/Invoke 'CryptQueryObject' resolved to 'crypt32.dll!CryptQueryObject' from 'C:\Program Files (x86)\Windows Kits\10\lib\10.0.17134.0\um\x86\WindowsApp.lib'."
"Message",Normal,"          P/Invoke 'CertDuplicateCertificateContext' resolved to 'crypt32.dll!CertDuplicateCertificateContext' from 'C:\Program Files (x86)\Windows Kits\10\lib\10.0.17134.0\um\x86\WindowsApp.lib'."
"Message",Normal,"          P/Invoke 'CertFreeCertificateContext' resolved to 'crypt32.dll!CertFreeCertificateContext' from 'C:\Program Files (x86)\Windows Kits\10\lib\10.0.17134.0\um\x86\WindowsApp.lib'."
"Message",Normal,"          P/Invoke 'CryptMsgGetParam' resolved to 'crypt32.dll!CryptMsgGetParam' from 'C:\Program Files (x86)\Windows Kits\10\lib\10.0.17134.0\um\x86\WindowsApp.lib'."
"Message",Normal,"          P/Invoke 'CryptMsgGetParam' resolved to 'crypt32.dll!CryptMsgGetParam' from 'C:\Program Files (x86)\Windows Kits\10\lib\10.0.17134.0\um\x86\WindowsApp.lib'."
"Message",Normal,"          P/Invoke 'PFXImportCertStore' resolved to 'crypt32.dll!PFXImportCertStore' from 'C:\Program Files (x86)\Windows Kits\10\lib\10.0.17134.0\um\x86\WindowsApp.lib'."
"Message",Normal,"          P/Invoke 'CoCreateInstance' with [DllImport(ExactSpelling=true)] resolved to 'api-ms-win-core-com-l1-1-0.dll!CoCreateInstance'."
"Message",Normal,"          P/Invoke 'CertGetNameStringW' resolved to 'crypt32.dll!CertGetNameStringW' from 'C:\Program Files (x86)\Windows Kits\10\lib\10.0.17134.0\um\x86\WindowsApp.lib'."
"Message",Normal,"          P/Invoke 'CertCloseStore' resolved to 'crypt32.dll!CertCloseStore' from 'C:\Program Files (x86)\Windows Kits\10\lib\10.0.17134.0\um\x86\WindowsApp.lib'."
"Message",Normal,"          P/Invoke 'CryptMsgClose' resolved to 'crypt32.dll!CryptMsgClose' from 'C:\Program Files (x86)\Windows Kits\10\lib\10.0.17134.0\um\x86\WindowsApp.lib'."
"Message",Normal,"          P/Invoke 'CertFindCertificateInStore' resolved to 'crypt32.dll!CertFindCertificateInStore' from 'C:\Program Files (x86)\Windows Kits\10\lib\10.0.17134.0\um\x86\WindowsApp.lib'."
"Message",Normal,"          P/Invoke 'CertEnumCertificatesInStore' resolved to 'crypt32.dll!CertEnumCertificatesInStore' from 'C:\Program Files (x86)\Windows Kits\10\lib\10.0.17134.0\um\x86\WindowsApp.lib'."
"Message",Normal,"          P/Invoke '#6' resolved to 'oleaut32.dll!#6' from 'C:\Program Files (x86)\Windows Kits\10\lib\10.0.17134.0\um\x86\WindowsApp.lib'."
"Message",Normal,"          P/Invoke 'FormatMessageW' resolved to 'api-ms-win-core-localization-l1-2-0.dll!FormatMessageW' from 'C:\Program Files (x86)\Windows Kits\10\lib\10.0.17134.0\um\x86\WindowsApp.lib'."
"Message",Normal,"          P/Invoke 'RtlIpv6AddressToStringExW' resolved to 'ntdll.dll!RtlIpv6AddressToStringExW' from 'C:\Program Files (x86)\Windows Kits\10\lib\10.0.17134.0\um\x86\WindowsApp.lib'."
"Message",Normal,"          P/Invoke 'RtlIpv4AddressToStringExW' resolved to 'ntdll.dll!RtlIpv4AddressToStringExW' from 'C:\Program Files (x86)\Windows Kits\10\lib\10.0.17134.0\um\x86\WindowsApp.lib'."
"Message",Normal,"          P/Invoke 'NCryptOpenKey' resolved to 'ncrypt.dll!NCryptOpenKey' from 'C:\Program Files (x86)\Windows Kits\10\lib\10.0.17134.0\um\x86\WindowsApp.lib'."
"Message",Normal,"          P/Invoke 'NCryptDeleteKey' resolved to 'ncrypt.dll!NCryptDeleteKey' from 'C:\Program Files (x86)\Windows Kits\10\lib\10.0.17134.0\um\x86\WindowsApp.lib'."
"Message",Normal,"          P/Invoke 'NCryptOpenStorageProvider' resolved to 'ncrypt.dll!NCryptOpenStorageProvider' from 'C:\Program Files (x86)\Windows Kits\10\lib\10.0.17134.0\um\x86\WindowsApp.lib'."
"Message",Normal,"          P/Invoke 'RoGetBufferMarshaler' resolved to 'api-ms-win-core-winrt-robuffer-l1-1-0.dll!RoGetBufferMarshaler' from 'C:\Program Files (x86)\Windows Kits\10\lib\10.0.17134.0\um\x86\WindowsApp.lib'."
"Message",Normal,"          P/Invoke 'NCryptFreeObject' resolved to 'ncrypt.dll!NCryptFreeObject' from 'C:\Program Files (x86)\Windows Kits\10\lib\10.0.17134.0\um\x86\WindowsApp.lib'."
"Message",Normal,"          P/Invoke 'FormatMessageW' resolved to 'api-ms-win-core-localization-l1-2-0.dll!FormatMessageW' from 'C:\Program Files (x86)\Windows Kits\10\lib\10.0.17134.0\um\x86\WindowsApp.lib'."
"Message",Normal,"          P/Invoke 'FormatMessageW' resolved to 'api-ms-win-core-localization-l1-2-0.dll!FormatMessageW' from 'C:\Program Files (x86)\Windows Kits\10\lib\10.0.17134.0\um\x86\WindowsApp.lib'."
"Message",Normal,"          P/Invoke 'GetFileType' resolved to 'api-ms-win-core-file-l1-1-0.dll!GetFileType' from 'C:\Program Files (x86)\Windows Kits\10\lib\10.0.17134.0\um\x86\WindowsApp.lib'."
"Message",Normal,"          P/Invoke 'GetFileInformationByHandleEx' resolved to 'api-ms-win-core-file-l2-1-0.dll!GetFileInformationByHandleEx' from 'C:\Program Files (x86)\Windows Kits\10\lib\10.0.17134.0\um\x86\WindowsApp.lib'."
"Message",Normal,"          P/Invoke 'CreateThreadpoolIo' resolved to 'api-ms-win-core-threadpool-l1-2-0.dll!CreateThreadpoolIo' from 'C:\Program Files (x86)\Windows Kits\10\lib\10.0.17134.0\um\x86\WindowsApp.lib'."
"Message",Normal,"          P/Invoke 'SetFilePointerEx' resolved to 'api-ms-win-core-file-l1-1-0.dll!SetFilePointerEx' from 'C:\Program Files (x86)\Windows Kits\10\lib\10.0.17134.0\um\x86\WindowsApp.lib'."
"Message",Normal,"          P/Invoke 'GetFileAttributesExW' resolved to 'api-ms-win-core-file-l1-1-0.dll!GetFileAttributesExW' from 'C:\Program Files (x86)\Windows Kits\10\lib\10.0.17134.0\um\x86\WindowsApp.lib'."
"Message",Normal,"          P/Invoke 'FindFirstFileExW' resolved to 'api-ms-win-core-file-l1-1-0.dll!FindFirstFileExW' from 'C:\Program Files (x86)\Windows Kits\10\lib\10.0.17134.0\um\x86\WindowsApp.lib'."
"Message",Normal,"          P/Invoke 'SetEndOfFile' resolved to 'api-ms-win-core-file-l1-1-0.dll!SetEndOfFile' from 'C:\Program Files (x86)\Windows Kits\10\lib\10.0.17134.0\um\x86\WindowsApp.lib'."
"Message",Normal,"          P/Invoke 'CreateFile2' resolved to 'api-ms-win-core-file-l1-2-0.dll!CreateFile2' from 'C:\Program Files (x86)\Windows Kits\10\lib\10.0.17134.0\um\x86\WindowsApp.lib'."
"Message",Normal,"          P/Invoke 'CloseHandle' resolved to 'api-ms-win-core-handle-l1-1-0.dll!CloseHandle' from 'C:\Program Files (x86)\Windows Kits\10\lib\10.0.17134.0\um\x86\WindowsApp.lib'."
"Message",Normal,"          P/Invoke 'FindClose' resolved to 'api-ms-win-core-file-l1-1-0.dll!FindClose' from 'C:\Program Files (x86)\Windows Kits\10\lib\10.0.17134.0\um\x86\WindowsApp.lib'."
"Message",Normal,"          P/Invoke 'CloseThreadpoolIo' resolved to 'api-ms-win-core-threadpool-l1-2-0.dll!CloseThreadpoolIo' from 'C:\Program Files (x86)\Windows Kits\10\lib\10.0.17134.0\um\x86\WindowsApp.lib'."
"Message",Normal,"          P/Invoke 'ReadFile' resolved to 'api-ms-win-core-file-l1-1-0.dll!ReadFile' from 'C:\Program Files (x86)\Windows Kits\10\lib\10.0.17134.0\um\x86\WindowsApp.lib'."
"Message",Normal,"          P/Invoke 'ReadFile' resolved to 'api-ms-win-core-file-l1-1-0.dll!ReadFile' from 'C:\Program Files (x86)\Windows Kits\10\lib\10.0.17134.0\um\x86\WindowsApp.lib'."
"Message",Normal,"          P/Invoke 'WriteFile' resolved to 'api-ms-win-core-file-l1-1-0.dll!WriteFile' from 'C:\Program Files (x86)\Windows Kits\10\lib\10.0.17134.0\um\x86\WindowsApp.lib'."
"Message",Normal,"          P/Invoke 'WriteFile' resolved to 'api-ms-win-core-file-l1-1-0.dll!WriteFile' from 'C:\Program Files (x86)\Windows Kits\10\lib\10.0.17134.0\um\x86\WindowsApp.lib'."
"Message",Normal,"          P/Invoke 'CancelIoEx' resolved to 'api-ms-win-core-io-l1-1-0.dll!CancelIoEx' from 'C:\Program Files (x86)\Windows Kits\10\lib\10.0.17134.0\um\x86\WindowsApp.lib'."
"Message",Normal,"          P/Invoke 'StartThreadpoolIo' resolved to 'api-ms-win-core-threadpool-l1-2-0.dll!StartThreadpoolIo' from 'C:\Program Files (x86)\Windows Kits\10\lib\10.0.17134.0\um\x86\WindowsApp.lib'."
"Message",Normal,"          P/Invoke 'CancelThreadpoolIo' resolved to 'api-ms-win-core-threadpool-l1-2-0.dll!CancelThreadpoolIo' from 'C:\Program Files (x86)\Windows Kits\10\lib\10.0.17134.0\um\x86\WindowsApp.lib'."
"Message",Normal,"          P/Invoke 'FlushFileBuffers' resolved to 'api-ms-win-core-file-l1-1-0.dll!FlushFileBuffers' from 'C:\Program Files (x86)\Windows Kits\10\lib\10.0.17134.0\um\x86\WindowsApp.lib'."
"Message",Normal,"          P/Invoke 'FormatMessageW' resolved to 'api-ms-win-core-localization-l1-2-0.dll!FormatMessageW' from 'C:\Program Files (x86)\Windows Kits\10\lib\10.0.17134.0\um\x86\WindowsApp.lib'."
"Message",High,"  Generating code..."
"Message",High,"  Interop code generated."
"Message",Normal,"  Written code to AssemblyInfo.g.cs"
"Message",Normal,"  Written code to Adapters.g.cs"
"Message",Normal,"  Written code to Data.g.cs"
"Message",Normal,"  Written code to Helpers.g.cs"
"Message",Normal,"  Written code to ImplTypes.g.cs"
"Message",Normal,"  Written code to PInvoke.g.cs"
"Message",Normal,"  Written code to SafeTypes.g.cs"
"Message",Normal,"  Written code to SharedStubs.g.cs"
"Message",Normal,"Running 'GenerateCodeAndCompile' transform, heap at 255 MB."
"Message",High,"Generating serialization code"
"Message",High,"Compiling interop code"
"Message",Normal,"Compiling generated source code: C:\Program Files (x86)\Microsoft SDKs\UWPNuGetPackages\microsoft.net.native.compiler\1.7.3\tools\x86\ilc\csc\csc.exe /noconfig @""C:\Users\ofunes\Desktop\GitHub\UWPolyFlama\Monopoly - Cliente - Pero bien\PantallasMonopoly\obj\x86\Release\ilc\intermediate\PantallasMonopoly.McgInterop.rsp"""
"Message",High,"Generating System.Reflection.DispatchProxy proxy code."
"Message",Normal,"Running 'DumpNativeResources' transform, heap at 255 MB."
"Message",Normal,"Running 'ReducedCopyInitialize' transform, heap at 255 MB."
"Message",Normal,"Running 'ReducedCopyEmptyTypes' transform, heap at 259 MB."
"Message",Normal,"Running 'ReducedCopyPopulateTypes' transform, heap at 268 MB."
"Message",Normal,"Running 'ReducedCopyLateMetadata' transform, heap at 319 MB."
"Message",Normal,"Running 'ReducedCopyMethodBodies' transform, heap at 338 MB."
"Message",Normal,"Running 'ReducedCopyComplete' transform, heap at 388 MB."
"Message",Normal,"Running 'ReducedCopyCleanup' transform, heap at 400 MB."
"Message",Normal,"Running 'DeveloperExperienceModeOnlyCodeRemover' transform, heap at 117 MB."
"Message",Normal,"Running 'ComImportDetector' transform, heap at 127 MB."
"Message",Normal,"Running 'McgAccessor' transform, heap at 127 MB."
"Message",Normal,"Running 'McgRedirect' transform, heap at 131 MB."
"Message",Normal,"Running 'McgRedirect' transform, heap at 139 MB."
"Message",Normal,"Running 'McgTypeOf' transform, heap at 140 MB."
"Message",Normal,"Running 'ExceptionMiniaturizer' transform, heap at 151 MB."
"Message",Normal,"Running 'EventSource' transform, heap at 164 MB."
"Message",Normal,"Running 'ValueType' transform, heap at 164 MB."
"Message",Normal,"Running 'Attribute' transform, heap at 164 MB."
"Message",Normal,"Running 'GetType' transform, heap at 165 MB."
"Message",Normal,"Running 'McgFixups' transform, heap at 166 MB."
"Message",Normal,"Running 'ResourceManagerCtor' transform, heap at 168 MB."
"Message",Normal,"Running 'TypeofTypeHandle' transform, heap at 168 MB."
"Message",Normal,"Running 'DispatchProxyIntrinsics' transform, heap at 178 MB."
"Message",Normal,"Running 'StaticInitData' transform, heap at 179 MB."
"Message",Normal,"Running 'StartupCodeInjector' transform, heap at 153 MB."
"Message",Normal,"Running 'InjectAppContextSwitches' transform, heap at 154 MB."
"Message",Normal,"Running 'ImplementLibraryDynamicInvokeHelpers' transform, heap at 154 MB."
"Message",Normal,"Running 'Delegate' transform, heap at 154 MB."
"Message",Normal,"Running 'DelegateCtorCall' transform, heap at 168 MB."
"Message",Normal,"Running 'LazyGenerics' transform, heap at 174 MB."
"Message",Normal,"Running 'AddReflectionBlockedAttributes' transform, heap at 211 MB."
"Message",Normal,"Running 'DisableOptimization' transform, heap at 211 MB."
"Message",Normal,"Running 'CreateMetadata' transform, heap at 211 MB."
"Message",Normal,"Running 'SaveRVAStatics' transform, heap at 189 MB."
"Message",Normal,"Running 'ReflectionInvoke' transform, heap at 192 MB."
"Message",Normal,"Running 'ScrubOpenCalls' transform, heap at 196 MB."
"Message",Normal,"Running 'ConvertCatchIntoFilter' transform, heap at 197 MB."
"Message",Normal,"Running 'ReflectionMappingInfoEmit' transform, heap at 197 MB."
"Message",Normal,"Running 'ConvertManagedWinMD' transform, heap at 203 MB."
"Message",Normal,"Running 'Reducer' transform, heap at 203 MB."
"Message",High,"Cleaning up unreferenced code"
"Message",Normal,"Running 'WriteAssemblies' transform, heap at 245 MB."
"Message",Normal,""
"Message",Normal,"Transform summary"
"Message",Normal,"    ms | heap delta | name"
"Message",Normal," 15279 |        203 | Analysis"
"Message",Normal," 12681 |          0 | GenerateCodeAndCompile"
"Message",Normal,"  6007 |         34 | WriteAssemblies"
"Message",Normal,"  5811 |         27 | Mcg"
"Message",Normal,"  3842 |         42 | Reducer"
"Message",Normal,"  1224 |        -22 | CreateMetadata"
"Message",Normal,"   884 |         50 | ReducedCopyMethodBodies"
"Message",Normal,"   868 |          4 | ReducedCopyInitialize"
"Message",Normal,"   772 |         51 | ReducedCopyPopulateTypes"
"Message",Normal,"   586 |         12 | ReducedCopyComplete"
"Message",Normal,"   424 |         19 | ReducedCopyLateMetadata"
"Message",Normal,"   391 |       -283 | ReducedCopyCleanup"
"Message",Normal,"   298 |        -26 | StaticInitData"
"Message",Normal,"   262 |          8 | McgRedirect"
"Message",Normal,"   241 |         37 | LazyGenerics"
"Message",Normal,"   217 |         11 | McgTypeOf"
"Message",Normal,"   143 |         10 | TypeofTypeHandle"
"Message",Normal,"   131 |          1 | McgRedirect"
"Message",Normal,"    93 |          6 | DelegateCtorCall"
"Message",Normal,"    60 |         13 | ExceptionMiniaturizer"
"Message",Normal,"    56 |          9 | ReducedCopyEmptyTypes"
"Message",Normal,"    56 |         14 | Delegate"
"Message",Normal,"    49 |          3 | SaveRVAStatics"
"Message",Normal,"    46 |          4 | McgAccessor"
"Message",Normal,"    26 |          2 | McgFixups"
"Message",Normal,"    24 |          1 | DispatchProxyIntrinsics"
"Message",Normal,"    22 |          1 | GetType"
"Message",Normal,"    20 |          4 | ReflectionInvoke"
"Message",Normal,"    18 |          1 | ScrubOpenCalls"
"Message",Normal,"    18 |         10 | DeveloperExperienceModeOnlyCodeRemover"
"Message",Normal,"    13 |          6 | ReflectionMappingInfoEmit"
"Message",Normal,"    10 |          0 | ConvertCatchIntoFilter"
"Message",Normal,"     8 |          0 | DumpNativeResources"
"Message",Normal,"     5 |          1 | Attribute"
"Message",Normal,"     5 |          1 | StartupCodeInjector"
"Message",Normal,"     5 |          0 | EventSource"
"Message",Normal,"     3 |          0 | ValueType"
"Message",Normal,"     1 |          0 | ResourceManagerCtor"
"Message",Normal,"     1 |          0 | AddReflectionBlockedAttributes"
"Message",Normal,"     0 |          0 | ComImportDetector"
"Message",Normal,"     0 |          0 | ImplementLibraryDynamicInvokeHelpers"
"Message",Normal,"     0 |          0 | ConvertManagedWinMD"
"Message",Normal,"     0 |          0 | DisableOptimization"
"Message",Normal,"     0 |          0 | InjectAppContextSwitches"
"Message",Low,"Done executing task ""RunILTransforms""."
"Message",Low,"Done building target ""RunILTransforms"" in file ""ILTransforms""."
"Message",Low,"Done building project ""ILTransforms""."
"Message",Low,""
"Message",Low,""
"Message",Low,"Done building target ""GenerateMDIL"" in file ""Nutc""."
"Message",Low,""
"Message",High,"Generating native code"
"Message",Low,"Done building target ""MDILPrepareMultiFile"" in file ""Nutc""."
"Message",Low,""
"Message",Low,"Done building target ""SetBinaryForReferences"" in file ""Nutc""."
"Message",Low,""
"Message",Low,"Task ""GenerateMDILGlobalAnalysis"""
"Message",Normal,"Launching 'C:\Program Files (x86)\Microsoft SDKs\UWPNuGetPackages\microsoft.net.native.compiler\1.7.3\tools\x86\ilc\Tools\nutc_driver.exe @""C:\Users\ofunes\Desktop\GitHub\UWPolyFlama\Monopoly - Cliente - Pero bien\PantallasMonopoly\obj\x86\Release\ilc\intermediate\MDIL\PantallasMonopoly.rsp""'"
"Message",Low,"Microsoft (R) MDIL Compiler - Version 1.7.25927.00"
"Message",Low,"Copyright (c) Microsoft Corporation.  All rights reserved."
"Message",Low,"Scanning input types"
"Message",Low,"Scanning 21015 methods."
"Message",Low,"Scanning 7512 methods."
"Message",Low,"Scanning 3444 methods."
"Message",Low,"Scanning 2166 methods."
"Message",Low,"Scanning 4763 methods."
"Message",Low,"Scanning 3396 methods."
"Message",Low,"Scanning 1051 methods."
"Message",Low,"Scanning 999 methods."
"Message",Low,"Scanning 704 methods."
"Message",Low,"Scanning 502 methods."
"Message",Low,"Scanning 404 methods."
"Message",Low,"Scanning 264 methods."
"Message",Low,"Scanning 286 methods."
"Message",Low,"Scanning 146 methods."
"Message",Low,"Scanning 125 methods."
"Message",Low,"Scanning 96 methods."
"Message",Low,"Scanning 74 methods."
"Message",Low,"Scanning 38 methods."
"Message",Low,"Scanning 26 methods."
"Message",Low,"Scanning 11 methods."
"Message",Low,"Scanning 4 methods."
"Message",Low,"Scanning 5 methods."
"Message",Low,"Eager code generation"
"Message",Low,"Compiling 47031 methods."
"Message",Low,"Deferred code generation"
"Message",Low,"Compiling 4 methods."
"Message",Low,"Compiling 30 methods."
"Message",Low,"Successfully generated 'C:\Users\ofunes\Desktop\GitHub\UWPolyFlama\Monopoly - Cliente - Pero bien\PantallasMonopoly\obj\x86\Release\ilc\intermediate\MDIL\PantallasMonopoly.mdilexe'"
"Message",Low,"Successfully generated 'C:\Users\ofunes\Desktop\GitHub\UWPolyFlama\Monopoly - Cliente - Pero bien\PantallasMonopoly\obj\x86\Release\ilc\intermediate\MDIL\PantallasMonopoly.mdilpdb'"
"Message",Normal,"'C:\Program Files (x86)\Microsoft SDKs\UWPNuGetPackages\microsoft.net.native.compiler\1.7.3\tools\x86\ilc\Tools\nutc_driver.exe @""C:\Users\ofunes\Desktop\GitHub\UWPolyFlama\Monopoly - Cliente - Pero bien\PantallasMonopoly\obj\x86\Release\ilc\intermediate\MDIL\PantallasMonopoly.rsp""' completed."
"Message",Normal,"Process execution statistics (all times in milliseconds)"
"Message",Normal,"-----------------------------------------------------------------------------"
"Message",Normal,"launch  |  start   |   stop   |   end    | duration | lifetime | [slot] name"
"Message",Normal,"-----------------------------------------------------------------------------"
"Message",Normal,"       0 |        0 |    66187 |    66187 |    66187 |    66187 | [0] Nutc GlobalAnalysis"
"Message",Normal,"Number of commands:      1"
"Message",Normal,"Total system time:       66187 ms"
"Message",Normal,"System time per command: 66187 ms"
"Message",Normal,"Total duration:          66187 ms"
"Message",Normal,"Total lifetime:          66187 ms"
"Message",Normal,"Requested DOP:           2"
"Message",Normal,"Duration DOP:            1,0"
"Message",Normal,"Lifetime DOP:            1,0"
"Message",Low,"Done executing task ""GenerateMDILGlobalAnalysis""."
"Message",Low,"Done building target ""GenerateMDILGlobalAnalysis"" in file ""Nutc""."
"Message",Low,""
"Message",Low,"Task ""rc"""
"Message",Normal,"Launching 'C:\Program Files (x86)\Windows Kits\10\bin\10.0.17134.0\x64\rc.exe /c ""65001"" /r /fo ""C:\Users\ofunes\Desktop\GitHub\UWPolyFlama\Monopoly - Cliente - Pero bien\PantallasMonopoly\obj\x86\Release\ilc\intermediate\BuildInfo\BuildInfo.res"" ""C:\Users\ofunes\Desktop\GitHub\UWPolyFlama\Monopoly - Cliente - Pero bien\PantallasMonopoly\obj\x86\Release\ilc\intermediate\BuildInfo\BuildInfo.rc""'"
"Message",Low,"Microsoft (R) Windows (R) Resource Compiler Version 10.0.10011.16384"
"Message",Low,"Copyright (C) Microsoft Corporation.  All rights reserved."
"Message",Normal,"'C:\Program Files (x86)\Windows Kits\10\bin\10.0.17134.0\x64\rc.exe /c ""65001"" /r /fo ""C:\Users\ofunes\Desktop\GitHub\UWPolyFlama\Monopoly - Cliente - Pero bien\PantallasMonopoly\obj\x86\Release\ilc\intermediate\BuildInfo\BuildInfo.res"" ""C:\Users\ofunes\Desktop\GitHub\UWPolyFlama\Monopoly - Cliente - Pero bien\PantallasMonopoly\obj\x86\Release\ilc\intermediate\BuildInfo\BuildInfo.rc""' completed."
"Message",Normal,"Process execution statistics (all times in milliseconds)"
"Message",Normal,"-----------------------------------------------------------------------------"
"Message",Normal,"launch  |  start   |   stop   |   end    | duration | lifetime | [slot] name"
"Message",Normal,"-----------------------------------------------------------------------------"
"Message",Normal,"       0 |        0 |       63 |       63 |       63 |       63 | [0] rc"
"Message",Normal,"Number of commands:      1"
"Message",Normal,"Total system time:       63 ms"
"Message",Normal,"System time per command: 63 ms"
"Message",Normal,"Total duration:          63 ms"
"Message",Normal,"Total lifetime:          63 ms"
"Message",Normal,"Requested DOP:           2"
"Message",Normal,"Duration DOP:            1,0"
"Message",Normal,"Lifetime DOP:            1,0"
"Message",Low,"Done executing task ""rc""."
"Message",Low,"Task ""ResourceBinaryConcatenate"""
"Message",Normal,"Concatenating into 'C:\Users\ofunes\Desktop\GitHub\UWPolyFlama\Monopoly - Cliente - Pero bien\PantallasMonopoly\obj\x86\Release\ilc\intermediate\Native.res' with alignment '4'."
"Message",Normal," Added 'C:\Users\ofunes\Desktop\GitHub\UWPolyFlama\Monopoly - Cliente - Pero bien\PantallasMonopoly\obj\x86\Release\ilc\intermediate\ILTransformed\PantallasMonopoly.res' at offset 0."
"Message",Normal," Added 'C:\Users\ofunes\Desktop\GitHub\UWPolyFlama\Monopoly - Cliente - Pero bien\PantallasMonopoly\obj\x86\Release\ilc\intermediate\BuildInfo\BuildInfo.res' at offset 1448."
"Message",Low,"Done executing task ""ResourceBinaryConcatenate""."
"Message",Low,"Done building target ""GenerateBuildInfo"" in file ""Nutc""."
"Message",Low,"Done building project ""Nutc""."
"Message",Low,""
"Message",Low,""
"Message",Low,"Done building target ""MDILBindPrepare"" in file ""Binder""."
"Message",Low,""
"Message",High,"Generating fixups for native code"
"Message",Low,"Task ""MDILBind"""
"Message",Normal,"Launching 'C:\Program Files (x86)\Microsoft SDKs\UWPNuGetPackages\microsoft.net.native.compiler\1.7.3\tools\x86\ilc\Tools\rhbind.exe @""C:\Users\ofunes\Desktop\GitHub\UWPolyFlama\Monopoly - Cliente - Pero bien\PantallasMonopoly\obj\x86\Release\ilc\intermediate\rhbindargs.PantallasMonopoly.rsp""'"
"Message",Low,"OS VERSION: major: 6  minor: 2"
"Message",Low,"MDIL: C:\Users\ofunes\Desktop\GitHub\UWPolyFlama\Monopoly - Cliente - Pero bien\PantallasMonopoly\obj\x86\Release\ilc\intermediate\MDIL\PantallasMonopoly.mdilexe"
"Message",Low,"MDILPDB: C:\Users\ofunes\Desktop\GitHub\UWPolyFlama\Monopoly - Cliente - Pero bien\PantallasMonopoly\obj\x86\Release\ilc\intermediate\MDIL\PantallasMonopoly.mdilpdb"
"Message",Low,"IL: C:\Users\ofunes\Desktop\GitHub\UWPolyFlama\Monopoly - Cliente - Pero bien\PantallasMonopoly\obj\x86\Release\ilc\intermediate\MDIL\PantallasMonopoly.ilexe"
"Message",Low,"NI: C:\Users\ofunes\Desktop\GitHub\UWPolyFlama\Monopoly - Cliente - Pero bien\PantallasMonopoly\obj\x86\Release\ilc\intermediate\Native\PantallasMonopoly.dll"
"Message",Low,"SHIM: C:\Users\ofunes\Desktop\GitHub\UWPolyFlama\Monopoly - Cliente - Pero bien\PantallasMonopoly\obj\x86\Release\ilc\intermediate\Native\PantallasMonopoly.exe"
"Message",Low,"REDHAWK_RUNTIME_DLL_NAME_A=mrt100_app.dll"
"Message",Low,"pdb: C:\Users\ofunes\Desktop\GitHub\UWPolyFlama\Monopoly - Cliente - Pero bien\PantallasMonopoly\obj\x86\Release\ilc\intermediate\Native\PantallasMonopoly.pdb"
"Message",Low,"Produced C:\Users\ofunes\Desktop\GitHub\UWPolyFlama\Monopoly - Cliente - Pero bien\PantallasMonopoly\obj\x86\Release\ilc\intermediate\Native\PantallasMonopoly.dll in 4.598 seconds"
"Message",Normal,"'C:\Program Files (x86)\Microsoft SDKs\UWPNuGetPackages\microsoft.net.native.compiler\1.7.3\tools\x86\ilc\Tools\rhbind.exe @""C:\Users\ofunes\Desktop\GitHub\UWPolyFlama\Monopoly - Cliente - Pero bien\PantallasMonopoly\obj\x86\Release\ilc\intermediate\rhbindargs.PantallasMonopoly.rsp""' completed."
"Message",Normal,"Process execution statistics (all times in milliseconds)"
"Message",Normal,"-----------------------------------------------------------------------------"
"Message",Normal,"launch  |  start   |   stop   |   end    | duration | lifetime | [slot] name"
"Message",Normal,"-----------------------------------------------------------------------------"
"Message",Normal,"       0 |        0 |     4687 |     4687 |     4687 |     4687 | [0] rhbind PantallasMonopoly"
"Message",Normal,"Number of commands:      1"
"Message",Normal,"Total system time:       4687 ms"
"Message",Normal,"System time per command: 4687 ms"
"Message",Normal,"Total duration:          4687 ms"
"Message",Normal,"Total lifetime:          4687 ms"
"Message",Normal,"Requested DOP:           2"
"Message",Normal,"Duration DOP:            1,0"
"Message",Normal,"Lifetime DOP:            1,0"
"Message",Low,"Done executing task ""MDILBind""."
"Message",Low,"Done building target ""MDILBind"" in file ""Binder""."
"Message",Low,"Done building project ""Binder""."
"Message",Low,""
"Message",Low,""
"Message",Low,"Done building target ""CopyNativeExecutablesToOutput"" in file ""Deployment""."
"Message",Low,""
"Message",Low,"Done building target ""CopyExtractedResourcesToOutput"" in file ""Deployment""."
"Message",Low,""
"Message",Low,"Task ""TransformAppxManifest"""
"Message",Low,"Done executing task ""TransformAppxManifest""."
"Message",Low,"Done building target ""TransformAppxManifestAndAddCrt"" in file ""Deployment""."
"Message",Low,""
"Message",Low,"Done building target ""CopyPackageResourceFileInRetailBuild"" in file ""Deployment""."
"Message",Low,"Done building project ""Deployment""."
"Message",Low,"Compilation finished"
